BLEU-1,BLEU-2,BLEU-3,BLEU-4,avg_pose_extraction_ms,avg_segmentation_ms,avg_transcription_ms,avg_translation_ms,avg_total_ms
0.038795690245431905,0.005972755144052205,0.0027260427436775394,0.0016251346714606797,13057.892875197473,22.929368088467616,743.5879462875199,49.871100579252236,13978.435813586098
