BLEU-1,BLEU-2,BLEU-3,BLEU-4
2.1506291985996784,0.3087321352603175,0.03602401287740242,0.010394620045354947
