BLEU-1,BLEU-2,BLEU-3,BLEU-4,total_frames,per_frame_extraction_ms,per_frame_spatial_ms,per_frame_motion_ms,per_frame_inference_ms,per_frame_total_ms
2.1506291985996784,0.3087321352603175,0.03602401287740242,0.010394620045354947,483277.0,0.1808052110901202,55.14255385627703,108.96411374842998,13.806820932922527,178.7763208263584
